{"v":"5.7.4","fr":29.9700012207031,"ip":2.00000008146167,"op":48.0000019550801,"w":800,"h":800,"nm":"confetti base","ddd":0,"assets":[],"layers":[{"ddd":0,"ind":1,"ty":4,"nm":"p20","sr":1,"ks":{"o":{"a":1,"k":[{"i":{"x":[1],"y":[1]},"o":{"x":[0.01],"y":[0]},"t":4,"s":[100]},{"t":43.0000017514259,"s":[0]}],"ix":11},"r":{"a":0,"k":0,"ix":10},"p":{"a":1,"k":[{"i":{"x":0,"y":1},"o":{"x":0.01,"y":0},"t":4,"s":[400,400,0],"to":[1.833,-220.667,0],"ti":[85.167,-23.333,0]},{"t":43.0000017514259,"s":[71,152,0]}],"ix":2,"l":2},"a":{"a":0,"k":[0,0,0],"ix":1,"l":2},"s":{"a":0,"k":[100,100,100],"ix":6,"l":2}},"ao":0,"shapes":[{"ty":"gr","it":[{"ind":0,"ty":"sh","ix":1,"ks":{"a":0,"k":{"i":[[0,0],[0,0],[0,0]],"o":[[0,0],[0,0],[0,0]],"v":[[19,-23.5],[24.5,-3.5],[36.647,-10.192]],"c":true},"ix":2},"nm":"Path 1","mn":"ADBE Vector Shape - Group","hd":false},{"ty":"fl","c":{"a":0,"k":[1,0.901960784314,0,1],"ix":4},"o":{"a":0,"k":100,"ix":5},"r":1,"bm":0,"nm":"Fill 1","mn":"ADBE Vector Graphic - Fill","hd":false},{"ty":"tr","p":{"a":0,"k":[0,0],"ix":2},"a":{"a":0,"k":[0,0],"ix":1},"s":{"a":0,"k":[100,100],"ix":3},"r":{"a":0,"k":0,"ix":6},"o":{"a":0,"k":100,"ix":7},"sk":{"a":0,"k":0,"ix":4},"sa":{"a":0,"k":0,"ix":5},"nm":"Transform"}],"nm":"triangle","np":3,"cix":2,"bm":0,"ix":1,"mn":"ADBE Vector Group","hd":false}],"ip":4.00000016292334,"op":364.000014826024,"st":4.00000016292334,"bm":0},{"ddd":0,"ind":2,"ty":4,"nm":"p19","sr":1,"ks":{"o":{"a":1,"k":[{"i":{"x":[1],"y":[1]},"o":{"x":[0.01],"y":[0]},"t":3,"s":[100]},{"t":42.0000017106951,"s":[0]}],"ix":11},"r":{"a":0,"k":0,"ix":10},"p":{"a":1,"k":[{"i":{"x":0,"y":1},"o":{"x":0.01,"y":0},"t":3,"s":[400,400,0],"to":[101.833,91.333,0],"ti":[27.167,-153.333,0]},{"t":42.0000017106951,"s":[579,746,0]}],"ix":2,"l":2},"a":{"a":0,"k":[0,0,0],"ix":1,"l":2},"s":{"a":0,"k":[100,100,100],"ix":6,"l":2}},"ao":0,"shapes":[{"ty":"gr","it":[{"ind":0,"ty":"sh","ix":1,"ks":{"a":0,"k":{"i":[[0,0],[-1,-4.75],[-3.75,-2.75],[-3.25,-6.25],[-6.25,-2.25],[-2,-7],[0,0]],"o":[[0,0],[1,4.75],[3.75,2.75],[3.25,6.25],[6.25,2.25],[2,7],[0,0]],"v":[[14.5,-8.25],[26.25,-7],[25.5,4.75],[39.5,7],[39.25,21],[54.25,25.25],[53.75,36.75]],"c":false},"ix":2},"nm":"Path 1","mn":"ADBE Vector Shape - Group","hd":false},{"ty":"st","c":{"a":0,"k":[0.949019607843,0.040938096888,0.040938096888,1],"ix":3},"o":{"a":0,"k":100,"ix":4},"w":{"a":0,"k":2,"ix":5},"lc":1,"lj":1,"ml":4,"bm":0,"nm":"Stroke 1","mn":"ADBE Vector Graphic - Stroke","hd":false},{"ty":"tr","p":{"a":0,"k":[0,0],"ix":2},"a":{"a":0,"k":[0,0],"ix":1},"s":{"a":0,"k":[100,100],"ix":3},"r":{"a":0,"k":0,"ix":6},"o":{"a":0,"k":100,"ix":7},"sk":{"a":0,"k":0,"ix":4},"sa":{"a":0,"k":0,"ix":5},"nm":"Transform"}],"nm":"Shape 1","np":3,"cix":2,"bm":0,"ix":1,"mn":"ADBE Vector Group","hd":false}],"ip":3.00000012219251,"op":363.000014785293,"st":3.00000012219251,"bm":0},{"ddd":0,"ind":3,"ty":4,"nm":"p18","sr":1,"ks":{"o":{"a":1,"k":[{"i":{"x":[1],"y":[1]},"o":{"x":[0.01],"y":[0]},"t":2,"s":[100]},{"t":41.0000016699642,"s":[0]}],"ix":11},"r":{"a":0,"k":0,"ix":10},"p":{"a":1,"k":[{"i":{"x":0,"y":1},"o":{"x":0.01,"y":0},"t":2,"s":[400,400,0],"to":[-84.167,-74.667,0],"ti":[-88.833,-45.333,0]},{"t":41.0000016699642,"s":[503,238,0]}],"ix":2,"l":2},"a":{"a":0,"k":[0,0,0],"ix":1,"l":2},"s":{"a":0,"k":[100,100,100],"ix":6,"l":2}},"ao":0,"shapes":[{"ty":"gr","it":[{"ind":0,"ty":"sh","ix":1,"ks":{"a":0,"k":{"i":[[0,0],[0,0],[0,0]],"o":[[0,0],[0,0],[0,0]],"v":[[19,-23.5],[24.5,-3.5],[36.647,-10.192]],"c":true},"ix":2},"nm":"Path 1","mn":"ADBE Vector Shape - Group","hd":false},{"ty":"fl","c":{"a":0,"k":[1,0.901960784314,0,1],"ix":4},"o":{"a":0,"k":100,"ix":5},"r":1,"bm":0,"nm":"Fill 1","mn":"ADBE Vector Graphic - Fill","hd":false},{"ty":"tr","p":{"a":0,"k":[0,0],"ix":2},"a":{"a":0,"k":[0,0],"ix":1},"s":{"a":0,"k":[100,100],"ix":3},"r":{"a":0,"k":0,"ix":6},"o":{"a":0,"k":100,"ix":7},"sk":{"a":0,"k":0,"ix":4},"sa":{"a":0,"k":0,"ix":5},"nm":"Transform"}],"nm":"triangle","np":3,"cix":2,"bm":0,"ix":1,"mn":"ADBE Vector Group","hd":false}],"ip":2.00000008146167,"op":362.000014744562,"st":2.00000008146167,"bm":0},{"ddd":0,"ind":4,"ty":4,"nm":"p17","sr":1,"ks":{"o":{"a":1,"k":[{"i":{"x":[1],"y":[1]},"o":{"x":[0.01],"y":[0]},"t":1,"s":[100]},{"t":40.0000016292334,"s":[0]}],"ix":11},"r":{"a":0,"k":0,"ix":10},"p":{"a":1,"k":[{"i":{"x":0,"y":1},"o":{"x":0.01,"y":0},"t":1,"s":[400,400,0],"to":[-82.167,-112.667,0],"ti":[73.167,-199.333,0]},{"t":40.0000016292334,"s":[91,556,0]}],"ix":2,"l":2},"a":{"a":0,"k":[0,0,0],"ix":1,"l":2},"s":{"a":0,"k":[100,100,100],"ix":6,"l":2}},"ao":0,"shapes":[{"ty":"gr","it":[{"ind":0,"ty":"sh","ix":1,"ks":{"a":0,"k":{"i":[[0,0],[0,0],[0,0],[0,0]],"o":[[0,0],[0,0],[0,0],[0,0]],"v":[[-5,-14.5],[-22.5,-8],[-19,9],[-1,1]],"c":true},"ix":2},"nm":"Path 1","mn":"ADBE Vector Shape - Group","hd":false},{"ty":"fl","c":{"a":0,"k":[0.274509803922,0.533333333333,0.956862804936,1],"ix":4},"o":{"a":0,"k":100,"ix":5},"r":1,"bm":0,"nm":"Fill 1","mn":"ADBE Vector Graphic - Fill","hd":false},{"ty":"tr","p":{"a":0,"k":[0,0],"ix":2},"a":{"a":0,"k":[0,0],"ix":1},"s":{"a":0,"k":[100,100],"ix":3},"r":{"a":0,"k":0,"ix":6},"o":{"a":0,"k":100,"ix":7},"sk":{"a":0,"k":0,"ix":4},"sa":{"a":0,"k":0,"ix":5},"nm":"Transform"}],"nm":"Shape 1","np":3,"cix":2,"bm":0,"ix":1,"mn":"ADBE Vector Group","hd":false}],"ip":1.00000004073083,"op":361.000014703831,"st":1.00000004073083,"bm":0},{"ddd":0,"ind":5,"ty":4,"nm":"p16","sr":1,"ks":{"o":{"a":1,"k":[{"i":{"x":[1],"y":[1]},"o":{"x":[0.01],"y":[0]},"t":0,"s":[100]},{"t":39.0000015885026,"s":[0]}],"ix":11},"r":{"a":0,"k":0,"ix":10},"p":{"a":1,"k":[{"i":{"x":0,"y":1},"o":{"x":0.01,"y":0},"t":0,"s":[400,400,0],"to":[77.833,91.333,0],"ti":[51.167,60.667,0]},{"t":39.0000015885026,"s":[511,308,0]}],"ix":2,"l":2},"a":{"a":0,"k":[0,0,0],"ix":1,"l":2},"s":{"a":0,"k":[100,100,100],"ix":6,"l":2}},"ao":0,"shapes":[{"ty":"gr","it":[{"ind":0,"ty":"sh","ix":1,"ks":{"a":0,"k":{"i":[[7.855,0],[0,-7.855],[-7.855,0],[0,7.855]],"o":[[-7.855,0],[0,7.855],[7.855,0],[0,-7.855]],"v":[[0,-14.223],[-14.223,0],[0,14.223],[14.223,0]],"c":true},"ix":2},"nm":"Tracé 1","mn":"ADBE Vector Shape - Group","hd":false},{"ty":"fl","c":{"a":0,"k":[0.270588248968,0.529411792755,0.952941179276,1],"ix":4},"o":{"a":0,"k":100,"ix":5},"r":1,"bm":0,"nm":"Fond 1","mn":"ADBE Vector Graphic - Fill","hd":false},{"ty":"tr","p":{"a":0,"k":[0,0],"ix":2},"a":{"a":0,"k":[0,0],"ix":1},"s":{"a":0,"k":[80,80],"ix":3},"r":{"a":0,"k":0,"ix":6},"o":{"a":0,"k":100,"ix":7},"sk":{"a":0,"k":0,"ix":4},"sa":{"a":0,"k":0,"ix":5},"nm":"Transform"}],"nm":"Ellipse 1","np":3,"cix":2,"bm":0,"ix":1,"mn":"ADBE Vector Group","hd":false}],"ip":0,"op":360.000014663101,"st":0,"bm":0},{"ddd":0,"ind":6,"ty":4,"nm":"p15","sr":1,"ks":{"o":{"a":1,"k":[{"i":{"x":[1],"y":[1]},"o":{"x":[0.01],"y":[0]},"t":1,"s":[100]},{"t":40.0000016292334,"s":[0]}],"ix":11},"r":{"a":0,"k":0,"ix":10},"p":{"a":1,"k":[{"i":{"x":0,"y":1},"o":{"x":0.01,"y":0},"t":1,"s":[400,400,0],"to":[-30.167,-122.667,0],"ti":[95.167,-53.333,0]},{"t":40.0000016292334,"s":[155,280,0]}],"ix":2,"l":2},"a":{"a":0,"k":[0,0,0],"ix":1,"l":2},"s":{"a":0,"k":[100,100,100],"ix":6,"l":2}},"ao":0,"shapes":[{"ty":"gr","it":[{"ind":0,"ty":"sh","ix":1,"ks":{"a":0,"k":{"i":[[0,0],[0,0],[0,0],[0,0]],"o":[[0,0],[0,0],[0,0],[0,0]],"v":[[-5,-14.5],[-22.5,-8],[-19,9],[-1,1]],"c":true},"ix":2},"nm":"Path 1","mn":"ADBE Vector Shape - Group","hd":false},{"ty":"fl","c":{"a":0,"k":[1,0.901960844152,0,1],"ix":4},"o":{"a":0,"k":100,"ix":5},"r":1,"bm":0,"nm":"Fill 1","mn":"ADBE Vector Graphic - Fill","hd":false},{"ty":"tr","p":{"a":0,"k":[0,0],"ix":2},"a":{"a":0,"k":[0,0],"ix":1},"s":{"a":0,"k":[100,100],"ix":3},"r":{"a":0,"k":0,"ix":6},"o":{"a":0,"k":100,"ix":7},"sk":{"a":0,"k":0,"ix":4},"sa":{"a":0,"k":0,"ix":5},"nm":"Transform"}],"nm":"Shape 1","np":3,"cix":2,"bm":0,"ix":1,"mn":"ADBE Vector Group","hd":false}],"ip":1.00000004073083,"op":361.000014703831,"st":1.00000004073083,"bm":0},{"ddd":0,"ind":7,"ty":4,"nm":"p14","sr":1,"ks":{"o":{"a":1,"k":[{"i":{"x":[1],"y":[1]},"o":{"x":[0.01],"y":[0]},"t":2,"s":[100]},{"t":41.0000016699642,"s":[0]}],"ix":11},"r":{"a":0,"k":0,"ix":10},"p":{"a":1,"k":[{"i":{"x":0,"y":1},"o":{"x":0.01,"y":0},"t":2,"s":[400,400,0],"to":[143.833,49.333,0],"ti":[-58.833,48.667,0]},{"t":41.0000016699642,"s":[681,388.872,0]}],"ix":2,"l":2},"a":{"a":0,"k":[0,0,0],"ix":1,"l":2},"s":{"a":0,"k":[100,100,100],"ix":6,"l":2}},"ao":0,"shapes":[{"ty":"gr","it":[{"ind":0,"ty":"sh","ix":1,"ks":{"a":0,"k":{"i":[[0,0],[0,0],[0,0]],"o":[[0,0],[0,0],[0,0]],"v":[[19,-23.5],[24.5,-3.5],[36.647,-10.192]],"c":true},"ix":2},"nm":"Path 1","mn":"ADBE Vector Shape - Group","hd":false},{"ty":"fl","c":{"a":0,"k":[1,0,0,1],"ix":4},"o":{"a":0,"k":100,"ix":5},"r":1,"bm":0,"nm":"Fill 1","mn":"ADBE Vector Graphic - Fill","hd":false},{"ty":"tr","p":{"a":0,"k":[0,0],"ix":2},"a":{"a":0,"k":[0,0],"ix":1},"s":{"a":0,"k":[100,100],"ix":3},"r":{"a":0,"k":0,"ix":6},"o":{"a":0,"k":100,"ix":7},"sk":{"a":0,"k":0,"ix":4},"sa":{"a":0,"k":0,"ix":5},"nm":"Transform"}],"nm":"triangle","np":3,"cix":2,"bm":0,"ix":1,"mn":"ADBE Vector Group","hd":false}],"ip":2.00000008146167,"op":362.000014744562,"st":2.00000008146167,"bm":0},{"ddd":0,"ind":8,"ty":4,"nm":"p13","sr":1,"ks":{"o":{"a":1,"k":[{"i":{"x":[1],"y":[1]},"o":{"x":[0.01],"y":[0]},"t":3,"s":[100]},{"t":42.0000017106951,"s":[0]}],"ix":11},"r":{"a":0,"k":0,"ix":10},"p":{"a":1,"k":[{"i":{"x":0,"y":1},"o":{"x":0.01,"y":0},"t":3,"s":[400,400,0],"to":[-24.167,-72.667,0],"ti":[75.167,-5.333,0]},{"t":42.0000017106951,"s":[257,284,0]}],"ix":2,"l":2},"a":{"a":0,"k":[0,0,0],"ix":1,"l":2},"s":{"a":0,"k":[100,100,100],"ix":6,"l":2}},"ao":0,"shapes":[{"ty":"gr","it":[{"ind":0,"ty":"sh","ix":1,"ks":{"a":0,"k":{"i":[[0,0],[0,0],[0,0],[0,0]],"o":[[0,0],[0,0],[0,0],[0,0]],"v":[[-5,-14.5],[-22.5,-8],[-19,9],[-1,1]],"c":true},"ix":2},"nm":"Path 1","mn":"ADBE Vector Shape - Group","hd":false},{"ty":"fl","c":{"a":0,"k":[0.078431372549,0.745098039216,0.172549019608,1],"ix":4},"o":{"a":0,"k":100,"ix":5},"r":1,"bm":0,"nm":"Fill 1","mn":"ADBE Vector Graphic - Fill","hd":false},{"ty":"tr","p":{"a":0,"k":[0,0],"ix":2},"a":{"a":0,"k":[0,0],"ix":1},"s":{"a":0,"k":[100,100],"ix":3},"r":{"a":0,"k":0,"ix":6},"o":{"a":0,"k":100,"ix":7},"sk":{"a":0,"k":0,"ix":4},"sa":{"a":0,"k":0,"ix":5},"nm":"Transform"}],"nm":"Shape 1","np":3,"cix":2,"bm":0,"ix":1,"mn":"ADBE Vector Group","hd":false}],"ip":3.00000012219251,"op":363.000014785293,"st":3.00000012219251,"bm":0},{"ddd":0,"ind":9,"ty":4,"nm":"p12","sr":1,"ks":{"o":{"a":1,"k":[{"i":{"x":[1],"y":[1]},"o":{"x":[0.01],"y":[0]},"t":4,"s":[100]},{"t":43.0000017514259,"s":[0]}],"ix":11},"r":{"a":0,"k":0,"ix":10},"p":{"a":1,"k":[{"i":{"x":0,"y":1},"o":{"x":0.01,"y":0},"t":4,"s":[400,400,0],"to":[-14.167,31.333,0],"ti":[65.167,-13.333,0]},{"t":43.0000017514259,"s":[301,474,0]}],"ix":2,"l":2},"a":{"a":0,"k":[0,0,0],"ix":1,"l":2},"s":{"a":0,"k":[100,100,100],"ix":6,"l":2}},"ao":0,"shapes":[{"ty":"gr","it":[{"ind":0,"ty":"sh","ix":1,"ks":{"a":0,"k":{"i":[[0,0],[0,0],[0,0],[0,0]],"o":[[0,0],[0,0],[0,0],[0,0]],"v":[[-5,-14.5],[-22.5,-8],[-19,9],[-1,1]],"c":true},"ix":2},"nm":"Path 1","mn":"ADBE Vector Shape - Group","hd":false},{"ty":"fl","c":{"a":0,"k":[0.078431372549,0.745098039216,0.172549019608,1],"ix":4},"o":{"a":0,"k":100,"ix":5},"r":1,"bm":0,"nm":"Fill 1","mn":"ADBE Vector Graphic - Fill","hd":false},{"ty":"tr","p":{"a":0,"k":[0,0],"ix":2},"a":{"a":0,"k":[0,0],"ix":1},"s":{"a":0,"k":[100,100],"ix":3},"r":{"a":0,"k":0,"ix":6},"o":{"a":0,"k":100,"ix":7},"sk":{"a":0,"k":0,"ix":4},"sa":{"a":0,"k":0,"ix":5},"nm":"Transform"}],"nm":"Shape 1","np":3,"cix":2,"bm":0,"ix":1,"mn":"ADBE Vector Group","hd":false}],"ip":4.00000016292334,"op":364.000014826024,"st":4.00000016292334,"bm":0},{"ddd":0,"ind":10,"ty":4,"nm":"p11","sr":1,"ks":{"o":{"a":1,"k":[{"i":{"x":[1],"y":[1]},"o":{"x":[0.01],"y":[0]},"t":0,"s":[100]},{"t":39.0000015885026,"s":[0]}],"ix":11},"r":{"a":0,"k":0,"ix":10},"p":{"a":1,"k":[{"i":{"x":0,"y":1},"o":{"x":0.01,"y":0},"t":0,"s":[400,400,0],"to":[-8.167,63.333,0],"ti":[-62.833,-29.333,0]},{"t":39.0000015885026,"s":[499,570,0]}],"ix":2,"l":2},"a":{"a":0,"k":[0,0,0],"ix":1,"l":2},"s":{"a":0,"k":[100,100,100],"ix":6,"l":2}},"ao":0,"shapes":[{"ty":"gr","it":[{"ind":0,"ty":"sh","ix":1,"ks":{"a":0,"k":{"i":[[7.855,0],[0,-7.855],[-7.855,0],[0,7.855]],"o":[[-7.855,0],[0,7.855],[7.855,0],[0,-7.855]],"v":[[0,-14.223],[-14.223,0],[0,14.223],[14.223,0]],"c":true},"ix":2},"nm":"Tracé 1","mn":"ADBE Vector Shape - Group","hd":false},{"ty":"fl","c":{"a":0,"k":[0.270588248968,0.529411792755,0.952941179276,1],"ix":4},"o":{"a":0,"k":100,"ix":5},"r":1,"bm":0,"nm":"Fond 1","mn":"ADBE Vector Graphic - Fill","hd":false},{"ty":"tr","p":{"a":0,"k":[0,0],"ix":2},"a":{"a":0,"k":[0,0],"ix":1},"s":{"a":0,"k":[80,80],"ix":3},"r":{"a":0,"k":0,"ix":6},"o":{"a":0,"k":100,"ix":7},"sk":{"a":0,"k":0,"ix":4},"sa":{"a":0,"k":0,"ix":5},"nm":"Transform"}],"nm":"Ellipse 1","np":3,"cix":2,"bm":0,"ix":1,"mn":"ADBE Vector Group","hd":false}],"ip":0,"op":360.000014663101,"st":0,"bm":0},{"ddd":0,"ind":11,"ty":4,"nm":"p10","sr":1,"ks":{"o":{"a":1,"k":[{"i":{"x":[1],"y":[1]},"o":{"x":[0.01],"y":[0]},"t":1,"s":[100]},{"t":40.0000016292334,"s":[0]}],"ix":11},"r":{"a":0,"k":0,"ix":10},"p":{"a":1,"k":[{"i":{"x":0,"y":1},"o":{"x":0.01,"y":0},"t":1,"s":[400,400,0],"to":[81.833,-104.667,0],"ti":[-58.833,104.667,0]},{"t":40.0000016292334,"s":[557,68,0]}],"ix":2,"l":2},"a":{"a":0,"k":[0,0,0],"ix":1,"l":2},"s":{"a":0,"k":[100,100,100],"ix":6,"l":2}},"ao":0,"shapes":[{"ty":"gr","it":[{"ind":0,"ty":"sh","ix":1,"ks":{"a":0,"k":{"i":[[7.855,0],[0,-7.855],[-7.855,0],[0,7.855]],"o":[[-7.855,0],[0,7.855],[7.855,0],[0,-7.855]],"v":[[0,-14.223],[-14.223,0],[0,14.223],[14.223,0]],"c":true},"ix":2},"nm":"Tracé 1","mn":"ADBE Vector Shape - Group","hd":false},{"ty":"fl","c":{"a":0,"k":[1,0.901960790157,0,1],"ix":4},"o":{"a":0,"k":100,"ix":5},"r":1,"bm":0,"nm":"Fond 1","mn":"ADBE Vector Graphic - Fill","hd":false},{"ty":"tr","p":{"a":0,"k":[0,0],"ix":2},"a":{"a":0,"k":[0,0],"ix":1},"s":{"a":0,"k":[80,80],"ix":3},"r":{"a":0,"k":0,"ix":6},"o":{"a":0,"k":100,"ix":7},"sk":{"a":0,"k":0,"ix":4},"sa":{"a":0,"k":0,"ix":5},"nm":"Transform"}],"nm":"Ellipse 1","np":3,"cix":2,"bm":0,"ix":1,"mn":"ADBE Vector Group","hd":false}],"ip":1.00000004073083,"op":361.000014703831,"st":1.00000004073083,"bm":0},{"ddd":0,"ind":12,"ty":4,"nm":"p9","sr":1,"ks":{"o":{"a":1,"k":[{"i":{"x":[1],"y":[1]},"o":{"x":[0.01],"y":[0]},"t":2,"s":[100]},{"t":41.0000016699642,"s":[0]}],"ix":11},"r":{"a":0,"k":0,"ix":10},"p":{"a":1,"k":[{"i":{"x":0,"y":1},"o":{"x":0.01,"y":0},"t":2,"s":[400,400,0],"to":[151.833,-46.667,0],"ti":[-26.833,72.667,0]},{"t":41.0000016699642,"s":[715,138,0]}],"ix":2,"l":2},"a":{"a":0,"k":[0,0,0],"ix":1,"l":2},"s":{"a":0,"k":[100,100,100],"ix":6,"l":2}},"ao":0,"shapes":[{"ty":"gr","it":[{"ind":0,"ty":"sh","ix":1,"ks":{"a":0,"k":{"i":[[0,0],[0,0],[0,0],[0,0]],"o":[[0,0],[0,0],[0,0],[0,0]],"v":[[-5,-14.5],[-22.5,-8],[-19,9],[-1,1]],"c":true},"ix":2},"nm":"Path 1","mn":"ADBE Vector Shape - Group","hd":false},{"ty":"fl","c":{"a":0,"k":[0.274509803922,0.533333333333,0.956862804936,1],"ix":4},"o":{"a":0,"k":100,"ix":5},"r":1,"bm":0,"nm":"Fill 1","mn":"ADBE Vector Graphic - Fill","hd":false},{"ty":"tr","p":{"a":0,"k":[0,0],"ix":2},"a":{"a":0,"k":[0,0],"ix":1},"s":{"a":0,"k":[100,100],"ix":3},"r":{"a":0,"k":0,"ix":6},"o":{"a":0,"k":100,"ix":7},"sk":{"a":0,"k":0,"ix":4},"sa":{"a":0,"k":0,"ix":5},"nm":"Transform"}],"nm":"Shape 1","np":3,"cix":2,"bm":0,"ix":1,"mn":"ADBE Vector Group","hd":false}],"ip":2.00000008146167,"op":362.000014744562,"st":2.00000008146167,"bm":0},{"ddd":0,"ind":13,"ty":4,"nm":"p8","sr":1,"ks":{"o":{"a":1,"k":[{"i":{"x":[1],"y":[1]},"o":{"x":[0.01],"y":[0]},"t":3,"s":[100]},{"t":42.0000017106951,"s":[0]}],"ix":11},"r":{"a":0,"k":0,"ix":10},"p":{"a":1,"k":[{"i":{"x":0,"y":1},"o":{"x":0.01,"y":0},"t":3,"s":[400,400,0],"to":[107.833,89.333,0],"ti":[-92.833,-103.333,0]},{"t":42.0000017106951,"s":[679,664,0]}],"ix":2,"l":2},"a":{"a":0,"k":[0,0,0],"ix":1,"l":2},"s":{"a":0,"k":[100,100,100],"ix":6,"l":2}},"ao":0,"shapes":[{"ty":"gr","it":[{"ind":0,"ty":"sh","ix":1,"ks":{"a":0,"k":{"i":[[0,0],[0,0],[0,0]],"o":[[0,0],[0,0],[0,0]],"v":[[19,-23.5],[24.5,-3.5],[36.647,-10.192]],"c":true},"ix":2},"nm":"Path 1","mn":"ADBE Vector Shape - Group","hd":false},{"ty":"fl","c":{"a":0,"k":[0.078431372549,0.741176470588,0.172549019608,1],"ix":4},"o":{"a":0,"k":100,"ix":5},"r":1,"bm":0,"nm":"Fill 1","mn":"ADBE Vector Graphic - Fill","hd":false},{"ty":"tr","p":{"a":0,"k":[0,0],"ix":2},"a":{"a":0,"k":[0,0],"ix":1},"s":{"a":0,"k":[100,100],"ix":3},"r":{"a":0,"k":0,"ix":6},"o":{"a":0,"k":100,"ix":7},"sk":{"a":0,"k":0,"ix":4},"sa":{"a":0,"k":0,"ix":5},"nm":"Transform"}],"nm":"triangle","np":3,"cix":2,"bm":0,"ix":1,"mn":"ADBE Vector Group","hd":false}],"ip":3.00000012219251,"op":363.000014785293,"st":3.00000012219251,"bm":0},{"ddd":0,"ind":14,"ty":4,"nm":"p7","sr":1,"ks":{"o":{"a":1,"k":[{"i":{"x":[1],"y":[1]},"o":{"x":[0.01],"y":[0]},"t":4,"s":[100]},{"t":43.0000017514259,"s":[0]}],"ix":11},"r":{"a":0,"k":0,"ix":10},"p":{"a":1,"k":[{"i":{"x":0,"y":1},"o":{"x":0.01,"y":0},"t":4,"s":[400,400,0],"to":[-36.167,53.333,0],"ti":[75.167,-39.333,0]},{"t":43.0000017514259,"s":[97,686,0]}],"ix":2,"l":2},"a":{"a":0,"k":[0,0,0],"ix":1,"l":2},"s":{"a":0,"k":[100,100,100],"ix":6,"l":2}},"ao":0,"shapes":[{"ty":"gr","it":[{"ind":0,"ty":"sh","ix":1,"ks":{"a":0,"k":{"i":[[0,0],[0,0],[0,0]],"o":[[0,0],[0,0],[0,0]],"v":[[19,-23.5],[24.5,-3.5],[36.647,-10.192]],"c":true},"ix":2},"nm":"Path 1","mn":"ADBE Vector Shape - Group","hd":false},{"ty":"fl","c":{"a":0,"k":[0.274509803922,0.533333333333,0.956862804936,1],"ix":4},"o":{"a":0,"k":100,"ix":5},"r":1,"bm":0,"nm":"Fill 1","mn":"ADBE Vector Graphic - Fill","hd":false},{"ty":"tr","p":{"a":0,"k":[0,0],"ix":2},"a":{"a":0,"k":[0,0],"ix":1},"s":{"a":0,"k":[100,100],"ix":3},"r":{"a":0,"k":0,"ix":6},"o":{"a":0,"k":100,"ix":7},"sk":{"a":0,"k":0,"ix":4},"sa":{"a":0,"k":0,"ix":5},"nm":"Transform"}],"nm":"triangle","np":3,"cix":2,"bm":0,"ix":1,"mn":"ADBE Vector Group","hd":false}],"ip":4.00000016292334,"op":364.000014826024,"st":4.00000016292334,"bm":0},{"ddd":0,"ind":15,"ty":4,"nm":"p6","sr":1,"ks":{"o":{"a":1,"k":[{"i":{"x":[1],"y":[1]},"o":{"x":[0.01],"y":[0]},"t":5,"s":[100]},{"t":44.0000017921567,"s":[0]}],"ix":11},"r":{"a":0,"k":0,"ix":10},"p":{"a":1,"k":[{"i":{"x":0,"y":1},"o":{"x":0.01,"y":0},"t":5,"s":[400,400,0],"to":[-148.167,-132.667,0],"ti":[61.167,-65.333,0]},{"t":44.0000017921567,"s":[65,340,0]}],"ix":2,"l":2},"a":{"a":0,"k":[0,0,0],"ix":1,"l":2},"s":{"a":0,"k":[100,100,100],"ix":6,"l":2}},"ao":0,"shapes":[{"ty":"gr","it":[{"ind":0,"ty":"sh","ix":1,"ks":{"a":0,"k":{"i":[[0,0],[0,0],[0,0],[0,0],[0,0],[0,0],[0,0],[0,0],[0,0]],"o":[[0,0],[0,0],[0,0],[0,0],[0,0],[0,0],[0,0],[0,0],[0,0]],"v":[[15,14.5],[15,3.75],[1,6.75],[2,-8.5],[-13,-5],[-12.5,-17.25],[-24.75,-12.75],[-23,-23.5],[-33.75,-21.25]],"c":false},"ix":2},"nm":"Path 1","mn":"ADBE Vector Shape - Group","hd":false},{"ty":"st","c":{"a":0,"k":[0.270588235294,0.529411764706,0.952941236309,1],"ix":3},"o":{"a":0,"k":100,"ix":4},"w":{"a":0,"k":5,"ix":5},"lc":1,"lj":1,"ml":4,"bm":0,"nm":"Stroke 1","mn":"ADBE Vector Graphic - Stroke","hd":false},{"ty":"tr","p":{"a":0,"k":[0,0],"ix":2},"a":{"a":0,"k":[0,0],"ix":1},"s":{"a":0,"k":[100,100],"ix":3},"r":{"a":0,"k":0,"ix":6},"o":{"a":0,"k":100,"ix":7},"sk":{"a":0,"k":0,"ix":4},"sa":{"a":0,"k":0,"ix":5},"nm":"Transform"}],"nm":"Shape 1","np":3,"cix":2,"bm":0,"ix":1,"mn":"ADBE Vector Group","hd":false}],"ip":5.00000020365417,"op":365.000014866755,"st":5.00000020365417,"bm":0},{"ddd":0,"ind":16,"ty":4,"nm":"p5","sr":1,"ks":{"o":{"a":1,"k":[{"i":{"x":[1],"y":[1]},"o":{"x":[0.01],"y":[0]},"t":6,"s":[100]},{"t":45.0000018328876,"s":[0]}],"ix":11},"r":{"a":0,"k":0,"ix":10},"p":{"a":1,"k":[{"i":{"x":0.004,"y":0.691},"o":{"x":0.014,"y":0},"t":6,"s":[400,400,0],"to":[-55.38,-168.204,0],"ti":[27.03,124.27,0]},{"t":45.0000018328876,"s":[400,23.613,0]}],"ix":2,"l":2},"a":{"a":0,"k":[0,0,0],"ix":1,"l":2},"s":{"a":0,"k":[100,100,100],"ix":6,"l":2}},"ao":0,"shapes":[{"ty":"gr","it":[{"ind":0,"ty":"sh","ix":1,"ks":{"a":0,"k":{"i":[[0,0],[0,0],[0,0]],"o":[[0,0],[0,0],[0,0]],"v":[[19,-23.5],[24.5,-3.5],[36.647,-10.192]],"c":true},"ix":2},"nm":"Path 1","mn":"ADBE Vector Shape - Group","hd":false},{"ty":"fl","c":{"a":0,"k":[1,0,0,1],"ix":4},"o":{"a":0,"k":100,"ix":5},"r":1,"bm":0,"nm":"Fill 1","mn":"ADBE Vector Graphic - Fill","hd":false},{"ty":"tr","p":{"a":0,"k":[0,0],"ix":2},"a":{"a":0,"k":[0,0],"ix":1},"s":{"a":0,"k":[100,100],"ix":3},"r":{"a":0,"k":0,"ix":6},"o":{"a":0,"k":100,"ix":7},"sk":{"a":0,"k":0,"ix":4},"sa":{"a":0,"k":0,"ix":5},"nm":"Transform"}],"nm":"triangle","np":3,"cix":2,"bm":0,"ix":1,"mn":"ADBE Vector Group","hd":false}],"ip":6.00000024438501,"op":366.000014907486,"st":6.00000024438501,"bm":0},{"ddd":0,"ind":17,"ty":4,"nm":"p4","sr":1,"ks":{"o":{"a":1,"k":[{"i":{"x":[1],"y":[1]},"o":{"x":[0.01],"y":[0]},"t":7,"s":[100]},{"t":46.0000018736184,"s":[0]}],"ix":11},"r":{"a":0,"k":0,"ix":10},"p":{"a":1,"k":[{"i":{"x":0,"y":1},"o":{"x":0.01,"y":0},"t":7,"s":[400,400,0],"to":[109.833,69.333,0],"ti":[97.167,0.667,0]},{"t":46.0000018736184,"s":[303,660,0]}],"ix":2,"l":2},"a":{"a":0,"k":[0,0,0],"ix":1,"l":2},"s":{"a":0,"k":[100,100,100],"ix":6,"l":2}},"ao":0,"shapes":[{"ty":"gr","it":[{"ind":0,"ty":"sh","ix":1,"ks":{"a":0,"k":{"i":[[7.855,0],[0,-7.855],[-7.855,0],[0,7.855]],"o":[[-7.855,0],[0,7.855],[7.855,0],[0,-7.855]],"v":[[0,-14.223],[-14.223,0],[0,14.223],[14.223,0]],"c":true},"ix":2},"nm":"Tracé 1","mn":"ADBE Vector Shape - Group","hd":false},{"ty":"fl","c":{"a":0,"k":[1,0,0,1],"ix":4},"o":{"a":0,"k":100,"ix":5},"r":1,"bm":0,"nm":"Fond 1","mn":"ADBE Vector Graphic - Fill","hd":false},{"ty":"tr","p":{"a":0,"k":[0,0],"ix":2},"a":{"a":0,"k":[0,0],"ix":1},"s":{"a":0,"k":[80,80],"ix":3},"r":{"a":0,"k":0,"ix":6},"o":{"a":0,"k":100,"ix":7},"sk":{"a":0,"k":0,"ix":4},"sa":{"a":0,"k":0,"ix":5},"nm":"Transform"}],"nm":"Ellipse 1","np":3,"cix":2,"bm":0,"ix":1,"mn":"ADBE Vector Group","hd":false}],"ip":7.00000028511585,"op":367.000014948216,"st":7.00000028511585,"bm":0},{"ddd":0,"ind":18,"ty":4,"nm":"p3","sr":1,"ks":{"o":{"a":1,"k":[{"i":{"x":[1],"y":[1]},"o":{"x":[0.01],"y":[0]},"t":8,"s":[100]},{"t":47.0000019143492,"s":[0]}],"ix":11},"r":{"a":0,"k":0,"ix":10},"p":{"a":1,"k":[{"i":{"x":0,"y":1},"o":{"x":0.01,"y":0},"t":8,"s":[400,400,0],"to":[41.833,109.333,0],"ti":[-71.833,39.667,0]},{"t":47.0000019143492,"s":[663,498,0]}],"ix":2,"l":2},"a":{"a":0,"k":[0,0,0],"ix":1,"l":2},"s":{"a":0,"k":[100,100,100],"ix":6,"l":2}},"ao":0,"shapes":[{"ty":"gr","it":[{"ind":0,"ty":"sh","ix":1,"ks":{"a":0,"k":{"i":[[0,0],[0,0],[0,0]],"o":[[0,0],[0,0],[0,0]],"v":[[19,-23.5],[24.5,-3.5],[36.647,-10.192]],"c":true},"ix":2},"nm":"Path 1","mn":"ADBE Vector Shape - Group","hd":false},{"ty":"fl","c":{"a":0,"k":[1,0,0,1],"ix":4},"o":{"a":0,"k":100,"ix":5},"r":1,"bm":0,"nm":"Fill 1","mn":"ADBE Vector Graphic - Fill","hd":false},{"ty":"tr","p":{"a":0,"k":[0,0],"ix":2},"a":{"a":0,"k":[0,0],"ix":1},"s":{"a":0,"k":[100,100],"ix":3},"r":{"a":0,"k":0,"ix":6},"o":{"a":0,"k":100,"ix":7},"sk":{"a":0,"k":0,"ix":4},"sa":{"a":0,"k":0,"ix":5},"nm":"Transform"}],"nm":"triangle","np":3,"cix":2,"bm":0,"ix":1,"mn":"ADBE Vector Group","hd":false}],"ip":8.00000032584668,"op":368.000014988947,"st":8.00000032584668,"bm":0},{"ddd":0,"ind":19,"ty":4,"nm":"p2","sr":1,"ks":{"o":{"a":1,"k":[{"i":{"x":[1],"y":[1]},"o":{"x":[0.01],"y":[0]},"t":9,"s":[100]},{"t":48.0000019550801,"s":[0]}],"ix":11},"r":{"a":0,"k":0,"ix":10},"p":{"a":1,"k":[{"i":{"x":0,"y":1},"o":{"x":0.01,"y":0},"t":9,"s":[400,400,0],"to":[-0.167,-158.667,0],"ti":[89.167,6.667,0]},{"t":48.0000019550801,"s":[187,88,0]}],"ix":2,"l":2},"a":{"a":0,"k":[0,0,0],"ix":1,"l":2},"s":{"a":0,"k":[100,100,100],"ix":6,"l":2}},"ao":0,"shapes":[{"ty":"gr","it":[{"ind":0,"ty":"sh","ix":1,"ks":{"a":0,"k":{"i":[[7.855,0],[0,-7.855],[-7.855,0],[0,7.855]],"o":[[-7.855,0],[0,7.855],[7.855,0],[0,-7.855]],"v":[[0,-14.223],[-14.223,0],[0,14.223],[14.223,0]],"c":true},"ix":2},"nm":"Tracé 1","mn":"ADBE Vector Shape - Group","hd":false},{"ty":"fl","c":{"a":0,"k":[0.271778345108,0.528400123119,0.952267169952,1],"ix":4},"o":{"a":0,"k":100,"ix":5},"r":1,"bm":0,"nm":"Fond 1","mn":"ADBE Vector Graphic - Fill","hd":false},{"ty":"tr","p":{"a":0,"k":[0,0],"ix":2},"a":{"a":0,"k":[0,0],"ix":1},"s":{"a":0,"k":[80,80],"ix":3},"r":{"a":0,"k":0,"ix":6},"o":{"a":0,"k":100,"ix":7},"sk":{"a":0,"k":0,"ix":4},"sa":{"a":0,"k":0,"ix":5},"nm":"Transform"}],"nm":"Ellipse 1","np":3,"cix":2,"bm":0,"ix":1,"mn":"ADBE Vector Group","hd":false}],"ip":9.00000036657752,"op":369.000015029678,"st":9.00000036657752,"bm":0},{"ddd":0,"ind":20,"ty":4,"nm":"p1","sr":1,"ks":{"o":{"a":1,"k":[{"i":{"x":[1],"y":[1]},"o":{"x":[0.01],"y":[0]},"t":0,"s":[100]},{"t":39.0000015885026,"s":[0]}],"ix":11},"r":{"a":0,"k":0,"ix":10},"p":{"a":1,"k":[{"i":{"x":0,"y":1},"o":{"x":0.01,"y":0},"t":0,"s":[400,400,0],"to":[-0.167,-158.667,0],"ti":[-92.833,-103.333,0]},{"t":39.0000015885026,"s":[621,234,0]}],"ix":2,"l":2},"a":{"a":0,"k":[0,0,0],"ix":1,"l":2},"s":{"a":0,"k":[100,100,100],"ix":6,"l":2}},"ao":0,"shapes":[{"ty":"gr","it":[{"ind":0,"ty":"sh","ix":1,"ks":{"a":0,"k":{"i":[[0,0],[-1,-4.75],[-3.75,-2.75],[-3.25,-6.25],[-6.25,-2.25],[-2,-7],[0,0]],"o":[[0,0],[1,4.75],[3.75,2.75],[3.25,6.25],[6.25,2.25],[2,7],[0,0]],"v":[[14.5,-8.25],[26.25,-7],[25.5,4.75],[39.5,7],[39.25,21],[54.25,25.25],[53.75,36.75]],"c":false},"ix":2},"nm":"Path 1","mn":"ADBE Vector Shape - Group","hd":false},{"ty":"st","c":{"a":0,"k":[1,0.901960844152,0,1],"ix":3},"o":{"a":0,"k":100,"ix":4},"w":{"a":0,"k":2,"ix":5},"lc":1,"lj":1,"ml":4,"bm":0,"nm":"Stroke 1","mn":"ADBE Vector Graphic - Stroke","hd":false},{"ty":"tr","p":{"a":0,"k":[0,0],"ix":2},"a":{"a":0,"k":[0,0],"ix":1},"s":{"a":0,"k":[100,100],"ix":3},"r":{"a":0,"k":0,"ix":6},"o":{"a":0,"k":100,"ix":7},"sk":{"a":0,"k":0,"ix":4},"sa":{"a":0,"k":0,"ix":5},"nm":"Transform"}],"nm":"Shape 2","np":3,"cix":2,"bm":0,"ix":1,"mn":"ADBE Vector Group","hd":false}],"ip":0,"op":360.000014663101,"st":0,"bm":0}],"markers":[]}